CREATE TABLE BUS_INFO(
	bus_id			integer primary key,
	bus_no	VARCHAR(10)		NOT NULL,
	bus_source		VARCHAR(16)	NOT NULL,
	bus_dest			VARCHAR(16)	NOT NULL,
	bus_status integer	NOT NULL
);
CREATE TABLE BUS_STOPS(
	stop_id			integer primary key,
	stop_name	VARCHAR(16)		NOT NULL,
	stop_lat		VARCHAR(10)	NOT NULL,
	stop_lng			VARCHAR(10)	NOT NULL
);
CREATE TABLE BUS_ROUTES(
	route_id		integer primary key,
	bus_id			integer,
	stop_id			integer
);
insert into BUS_ROUTES(route_id,bus_id,stop_id)  VALUES (1000,501,11);
insert into BUS_ROUTES(route_id,bus_id,stop_id)  VALUES (1001,501,12);
insert into BUS_ROUTES(route_id,bus_id,stop_id)  VALUES (1002,501,13);
insert into BUS_ROUTES(route_id,bus_id,stop_id)  VALUES (1003,501,14);
insert into BUS_ROUTES(route_id,bus_id,stop_id)  VALUES (1004,501,15);
insert into BUS_ROUTES(route_id,bus_id,stop_id)  VALUES (1005,501,16);
insert into BUS_ROUTES(route_id,bus_id,stop_id)  VALUES (1006,501,17);
insert into BUS_ROUTES(route_id,bus_id,stop_id)  VALUES (1007,501,18);
insert into BUS_ROUTES(route_id,bus_id,stop_id)  VALUES (1008,501,19);
insert into BUS_ROUTES(route_id,bus_id,stop_id)  VALUES (1009,501,20);
insert into BUS_ROUTES(route_id,bus_id,stop_id)  VALUES (1010,501,21);
insert into BUS_ROUTES(route_id,bus_id,stop_id)  VALUES (1011,501,22);
insert into BUS_ROUTES(route_id,bus_id,stop_id)  VALUES (1012,501,23);
insert into BUS_ROUTES(route_id,bus_id,stop_id)  VALUES (1013,501,24);
insert into BUS_ROUTES(route_id,bus_id,stop_id)  VALUES (1014,501,25);
insert into BUS_ROUTES(route_id,bus_id,stop_id)  VALUES (1015,501,28);
insert into BUS_ROUTES(route_id,bus_id,stop_id)  VALUES (1016,500,11);
insert into BUS_ROUTES(route_id,bus_id,stop_id)  VALUES (1017,500,12);
insert into BUS_ROUTES(route_id,bus_id,stop_id)  VALUES (1018,500,13);
insert into BUS_ROUTES(route_id,bus_id,stop_id)  VALUES (1019,500,14);
insert into BUS_ROUTES(route_id,bus_id,stop_id)  VALUES (1020,500,15);
insert into BUS_ROUTES(route_id,bus_id,stop_id)  VALUES (1021,500,16);
insert into BUS_ROUTES(route_id,bus_id,stop_id)  VALUES (1022,500,17);
insert into BUS_ROUTES(route_id,bus_id,stop_id)  VALUES (1023,500,18);
insert into BUS_ROUTES(route_id,bus_id,stop_id)  VALUES (1024,500,19);
insert into BUS_ROUTES(route_id,bus_id,stop_id)  VALUES (1025,500,20);
insert into BUS_ROUTES(route_id,bus_id,stop_id)  VALUES (1026,500,21);
insert into BUS_ROUTES(route_id,bus_id,stop_id)  VALUES (1027,500,22);
insert into BUS_ROUTES(route_id,bus_id,stop_id)  VALUES (1028,500,23);
insert into BUS_ROUTES(route_id,bus_id,stop_id)  VALUES (1029,500,24);
insert into BUS_ROUTES(route_id,bus_id,stop_id)  VALUES (1030,500,25);
insert into BUS_ROUTES(route_id,bus_id,stop_id)  VALUES (1031,500,26);
insert into BUS_ROUTES(route_id,bus_id,stop_id)  VALUES (1032,500,27);
insert into BUS_ROUTES(route_id,bus_id,stop_id)  VALUES (1033,502,14);
insert into BUS_ROUTES(route_id,bus_id,stop_id)  VALUES (1034,502,15);
insert into BUS_ROUTES(route_id,bus_id,stop_id)  VALUES (1035,502,16);
insert into BUS_ROUTES(route_id,bus_id,stop_id)  VALUES (1036,502,17);
insert into BUS_ROUTES(route_id,bus_id,stop_id)  VALUES (1037,502,18);
insert into BUS_ROUTES(route_id,bus_id,stop_id)  VALUES (1038,502,19);
insert into BUS_ROUTES(route_id,bus_id,stop_id)  VALUES (1039,502,20);
insert into BUS_ROUTES(route_id,bus_id,stop_id)  VALUES (1040,502,21);
insert into BUS_ROUTES(route_id,bus_id,stop_id)  VALUES (1041,502,22);
insert into BUS_ROUTES(route_id,bus_id,stop_id)  VALUES (1042,502,23);
insert into BUS_ROUTES(route_id,bus_id,stop_id)  VALUES (1043,502,29);
insert into BUS_ROUTES(route_id,bus_id,stop_id)  VALUES (1044,505,30);
insert into BUS_ROUTES(route_id,bus_id,stop_id)  VALUES (1045,505,17);
insert into BUS_ROUTES(route_id,bus_id,stop_id)  VALUES (1046,505,18);
insert into BUS_ROUTES(route_id,bus_id,stop_id)  VALUES (1047,505,19);
insert into BUS_ROUTES(route_id,bus_id,stop_id)  VALUES (1048,505,20);
insert into BUS_ROUTES(route_id,bus_id,stop_id)  VALUES (1049,505,21);
insert into BUS_ROUTES(route_id,bus_id,stop_id)  VALUES (1050,505,22);
insert into BUS_ROUTES(route_id,bus_id,stop_id)  VALUES (1051,505,31);
insert into BUS_ROUTES(route_id,bus_id,stop_id)  VALUES (1052,505,32);
insert into BUS_ROUTES(route_id,bus_id,stop_id)  VALUES (1053,505,33);
insert into BUS_ROUTES(route_id,bus_id,stop_id)  VALUES (1054,503,34);
insert into BUS_ROUTES(route_id,bus_id,stop_id)  VALUES (1055,503,35);
insert into BUS_ROUTES(route_id,bus_id,stop_id)  VALUES (1056,503,36);
insert into BUS_ROUTES(route_id,bus_id,stop_id)  VALUES (1057,503,37);
insert into BUS_ROUTES(route_id,bus_id,stop_id)  VALUES (1058,503,38);
insert into BUS_ROUTES(route_id,bus_id,stop_id)  VALUES (1059,503,30);
insert into BUS_ROUTES(route_id,bus_id,stop_id)  VALUES (1060,503,17);
insert into BUS_ROUTES(route_id,bus_id,stop_id)  VALUES (1061,503,18);
insert into BUS_ROUTES(route_id,bus_id,stop_id)  VALUES (1062,503,19);
insert into BUS_ROUTES(route_id,bus_id,stop_id)  VALUES (1063,503,20);
insert into BUS_ROUTES(route_id,bus_id,stop_id)  VALUES (1064,503,21);
insert into BUS_ROUTES(route_id,bus_id,stop_id)  VALUES (1065,503,22);
insert into BUS_ROUTES(route_id,bus_id,stop_id)  VALUES (1066,503,23);
insert into BUS_ROUTES(route_id,bus_id,stop_id)  VALUES (1067,503,24);
insert into BUS_ROUTES(route_id,bus_id,stop_id)  VALUES (1068,503,25);
insert into BUS_ROUTES(route_id,bus_id,stop_id)  VALUES (1069,504,41);
insert into BUS_ROUTES(route_id,bus_id,stop_id)  VALUES (1070,504,40);
insert into BUS_ROUTES(route_id,bus_id,stop_id)  VALUES (1071,504,39);
insert into BUS_ROUTES(route_id,bus_id,stop_id)  VALUES (1072,504,17);
insert into BUS_ROUTES(route_id,bus_id,stop_id)  VALUES (1073,504,18);
insert into BUS_ROUTES(route_id,bus_id,stop_id)  VALUES (1074,504,19);
insert into BUS_ROUTES(route_id,bus_id,stop_id)  VALUES (1075,504,20);
insert into BUS_ROUTES(route_id,bus_id,stop_id)  VALUES (1076,504,21);
insert into BUS_ROUTES(route_id,bus_id,stop_id)  VALUES (1077,504,22);
insert into BUS_ROUTES(route_id,bus_id,stop_id)  VALUES (1078,504,23);
insert into BUS_ROUTES(route_id,bus_id,stop_id)  VALUES (1079,504,24);
insert into BUS_ROUTES(route_id,bus_id,stop_id)  VALUES (1080,504,25);
insert into BUS_ROUTES(route_id,bus_id,stop_id)  VALUES (1081,506,11);
insert into BUS_ROUTES(route_id,bus_id,stop_id)  VALUES (1082,506,12);
insert into BUS_ROUTES(route_id,bus_id,stop_id)  VALUES (1083,506,13);
insert into BUS_ROUTES(route_id,bus_id,stop_id)  VALUES (1084,506,14);
insert into BUS_ROUTES(route_id,bus_id,stop_id)  VALUES (1085,506,15);
insert into BUS_ROUTES(route_id,bus_id,stop_id)  VALUES (1086,506,16);
insert into BUS_ROUTES(route_id,bus_id,stop_id)  VALUES (1087,506,17);
insert into BUS_ROUTES(route_id,bus_id,stop_id)  VALUES (1088,506,18);
insert into BUS_ROUTES(route_id,bus_id,stop_id)  VALUES (1089,506,19);
insert into BUS_ROUTES(route_id,bus_id,stop_id)  VALUES (1090,506,20);
insert into BUS_ROUTES(route_id,bus_id,stop_id)  VALUES (1091,506,21);
insert into BUS_ROUTES(route_id,bus_id,stop_id)  VALUES (1092,506,22);
insert into BUS_ROUTES(route_id,bus_id,stop_id)  VALUES (1093,506,23);
insert into BUS_ROUTES(route_id,bus_id,stop_id)  VALUES (1094,506,24);
insert into BUS_ROUTES(route_id,bus_id,stop_id)  VALUES (1095,506,25);
insert into BUS_ROUTES(route_id,bus_id,stop_id)  VALUES (1096,506,26);
insert into BUS_ROUTES(route_id,bus_id,stop_id)  VALUES (1097,506,27);
insert into BUS_ROUTES(route_id,bus_id,stop_id)  VALUES (1098,507,11);
insert into BUS_ROUTES(route_id,bus_id,stop_id)  VALUES (1099,507,12);
insert into BUS_ROUTES(route_id,bus_id,stop_id)  VALUES (1100,507,13);
insert into BUS_ROUTES(route_id,bus_id,stop_id)  VALUES (1101,507,14);
insert into BUS_ROUTES(route_id,bus_id,stop_id)  VALUES (1102,507,15);
insert into BUS_ROUTES(route_id,bus_id,stop_id)  VALUES (1103,507,16);
insert into BUS_ROUTES(route_id,bus_id,stop_id)  VALUES (1104,507,17);
insert into BUS_ROUTES(route_id,bus_id,stop_id)  VALUES (1105,507,18);
insert into BUS_ROUTES(route_id,bus_id,stop_id)  VALUES (1106,507,19);
insert into BUS_ROUTES(route_id,bus_id,stop_id)  VALUES (1107,507,20);
insert into BUS_ROUTES(route_id,bus_id,stop_id)  VALUES (1108,507,21);
insert into BUS_ROUTES(route_id,bus_id,stop_id)  VALUES (1109,507,22);
insert into BUS_ROUTES(route_id,bus_id,stop_id)  VALUES (1110,507,23);
insert into BUS_ROUTES(route_id,bus_id,stop_id)  VALUES (1111,507,24);
insert into BUS_ROUTES(route_id,bus_id,stop_id)  VALUES (1112,507,25);
insert into BUS_ROUTES(route_id,bus_id,stop_id)  VALUES (1113,507,28);
insert into BUS_ROUTES(route_id,bus_id,stop_id)  VALUES (1114,508,34);
insert into BUS_ROUTES(route_id,bus_id,stop_id)  VALUES (1115,508,35);
insert into BUS_ROUTES(route_id,bus_id,stop_id)  VALUES (1116,508,36);
insert into BUS_ROUTES(route_id,bus_id,stop_id)  VALUES (1117,508,37);
insert into BUS_ROUTES(route_id,bus_id,stop_id)  VALUES (1118,508,38);
insert into BUS_ROUTES(route_id,bus_id,stop_id)  VALUES (1119,508,30);
insert into BUS_ROUTES(route_id,bus_id,stop_id)  VALUES (1120,508,17);
insert into BUS_ROUTES(route_id,bus_id,stop_id)  VALUES (1121,508,18);
insert into BUS_ROUTES(route_id,bus_id,stop_id)  VALUES (1122,508,19);
insert into BUS_ROUTES(route_id,bus_id,stop_id)  VALUES (1123,508,20);
insert into BUS_ROUTES(route_id,bus_id,stop_id)  VALUES (1124,508,21);
insert into BUS_ROUTES(route_id,bus_id,stop_id)  VALUES (1125,508,22);
insert into BUS_ROUTES(route_id,bus_id,stop_id)  VALUES (1126,508,23);
insert into BUS_ROUTES(route_id,bus_id,stop_id)  VALUES (1127,508,24);
insert into BUS_ROUTES(route_id,bus_id,stop_id)  VALUES (1128,508,25);
insert into BUS_ROUTES(route_id,bus_id,stop_id)  VALUES (1129,509,42);
insert into BUS_ROUTES(route_id,bus_id,stop_id)  VALUES (1130,509,41);
insert into BUS_ROUTES(route_id,bus_id,stop_id)  VALUES (1131,509,40);
insert into BUS_ROUTES(route_id,bus_id,stop_id)  VALUES (1132,509,39);
insert into BUS_ROUTES(route_id,bus_id,stop_id)  VALUES (1133,509,17);
insert into BUS_ROUTES(route_id,bus_id,stop_id)  VALUES (1134,509,18);
insert into BUS_ROUTES(route_id,bus_id,stop_id)  VALUES (1135,509,19);
insert into BUS_ROUTES(route_id,bus_id,stop_id)  VALUES (1136,509,20);
insert into BUS_ROUTES(route_id,bus_id,stop_id)  VALUES (1137,509,21);
insert into BUS_ROUTES(route_id,bus_id,stop_id)  VALUES (1138,509,22);
insert into BUS_ROUTES(route_id,bus_id,stop_id)  VALUES (1139,509,23);
insert into BUS_ROUTES(route_id,bus_id,stop_id)  VALUES (1140,509,24);
insert into BUS_ROUTES(route_id,bus_id,stop_id)  VALUES (1141,509,25);
insert into BUS_INFO(bus_id,bus_no,bus_source,bus_dest,bus_status)  VALUES (500,'570','cmbt','Kelambakkam',0);
insert into BUS_INFO(bus_id,bus_no,bus_source,bus_dest,bus_status)  VALUES (501,'570s','cmbt','Siruseri',0);
insert into BUS_INFO(bus_id,bus_no,bus_source,bus_dest,bus_status)  VALUES (502,'119b','Guindy','Semanchery',0);
insert into BUS_INFO(bus_id,bus_no,bus_source,bus_dest,bus_status)  VALUES (503,'21h','Broadway','Kelambakkam',0);
insert into BUS_INFO(bus_id,bus_no,bus_source,bus_dest,bus_status)  VALUES (504,'19b','Saidapet','Kelambakkam',0);
insert into BUS_INFO(bus_id,bus_no,bus_source,bus_dest,bus_status)  VALUES (505,'T51','Thiruvanmayur','Tambaram East',0);
insert into BUS_INFO(bus_id,bus_no,bus_source,bus_dest,bus_status)  VALUES (506,'570 AC','cmbt','Kelambakkam',0);
insert into BUS_INFO(bus_id,bus_no,bus_source,bus_dest,bus_status)  VALUES (507,'570s AC','cmbt','Siruseri',0);
insert into BUS_INFO(bus_id,bus_no,bus_source,bus_dest,bus_status)  VALUES (508,'21h AC','Broadway','Kelambakkam',0);
insert into BUS_INFO(bus_id,bus_no,bus_source,bus_dest,bus_status)  VALUES (509,'19b AC','Tnagar','Kelambakkam',0);
insert into BUS_STOPS(Stop_id,Stop_name,Stop_lat,Stop_lng) VALUES(11,'cmbt','13.071536','80.19117');
insert into BUS_STOPS(Stop_id,Stop_name,Stop_lat,Stop_lng) VALUES(12,'vadapalani','13.053309','80.21199');
insert into BUS_STOPS(Stop_id,Stop_name,Stop_lat,Stop_lng) VALUES(13,'ashoknagar','13.039429','80.211132');
insert into BUS_STOPS(Stop_id,Stop_name,Stop_lat,Stop_lng) VALUES(14,'guindy','13.005645','80.217777');
insert into BUS_STOPS(Stop_id,Stop_name,Stop_lat,Stop_lng) VALUES(15,'velachery','12.977879','80.221039');
insert into BUS_STOPS(Stop_id,Stop_name,Stop_lat,Stop_lng) VALUES(16,'tharamani','12.981475','80.242804');
insert into BUS_STOPS(Stop_id,Stop_name,Stop_lat,Stop_lng) VALUES(17,'srp tools','12.901066','80.227872');
insert into BUS_STOPS(Stop_id,Stop_name,Stop_lat,Stop_lng) VALUES(18,'kandanchavidi','12.965751','80.247463');
insert into BUS_STOPS(Stop_id,Stop_name,Stop_lat,Stop_lng) VALUES(19,'perungudi','12.959268','80.244524');
insert into BUS_STOPS(Stop_id,Stop_name,Stop_lat,Stop_lng) VALUES(20,'thoraipakkam','12.947056','80.240082');
insert into BUS_STOPS(Stop_id,Stop_name,Stop_lat,Stop_lng) VALUES(21,'karapakkam','12.914159','80.229331');
insert into BUS_STOPS(Stop_id,Stop_name,Stop_lat,Stop_lng) VALUES(22,'sholinganallur','12.901066','80.227872');
insert into BUS_STOPS(Stop_id,Stop_name,Stop_lat,Stop_lng) VALUES(23,'kumran nagar','12.876405','80.226885');
insert into BUS_STOPS(Stop_id,Stop_name,Stop_lat,Stop_lng) VALUES(24,'navallur','12.845277','80.226563');
insert into BUS_STOPS(Stop_id,Stop_name,Stop_lat,Stop_lng) VALUES(25,'sipcot','12.831803','80.229224');
insert into BUS_STOPS(Stop_id,Stop_name,Stop_lat,Stop_lng) VALUES(26,'padur','12.804352','80.223706');
insert into BUS_STOPS(Stop_id,Stop_name,Stop_lat,Stop_lng) VALUES(27,'kelambakkam','12.78619','80.220316');
insert into BUS_STOPS(Stop_id,Stop_name,Stop_lat,Stop_lng) VALUES(28,'siruseri','12.827326','80.219332');
insert into BUS_STOPS(Stop_id,Stop_name,Stop_lat,Stop_lng) VALUES(29,'semanchery','12.861113','80.226628');
insert into BUS_STOPS(Stop_id,Stop_name,Stop_lat,Stop_lng) VALUES(30,'thiruvanmiyur','12.987058','80.259222');
insert into BUS_STOPS(Stop_id,Stop_name,Stop_lat,Stop_lng) VALUES(31,'perumbakkam','12.907571','80.198644');
insert into BUS_STOPS(Stop_id,Stop_name,Stop_lat,Stop_lng) VALUES(32,'medavakkam','12.918195','80.192206');
insert into BUS_STOPS(Stop_id,Stop_name,Stop_lat,Stop_lng) VALUES(33,'tambaram east','12.923926','80.124123');
insert into BUS_STOPS(Stop_id,Stop_name,Stop_lat,Stop_lng) VALUES(34,'broadway','13.08788','80.283898');
insert into BUS_STOPS(Stop_id,Stop_name,Stop_lat,Stop_lng) VALUES(35,'chepauk','13.059831','80.282322');
insert into BUS_STOPS(Stop_id,Stop_name,Stop_lat,Stop_lng) VALUES(36,'Light house','13.039094','80.278938');
insert into BUS_STOPS(Stop_id,Stop_name,Stop_lat,Stop_lng) VALUES(37,'foreshore estate','13.025464','80.274818');
insert into BUS_STOPS(Stop_id,Stop_name,Stop_lat,Stop_lng) VALUES(38,'adyar','13.007945','80.258511');
insert into BUS_STOPS(Stop_id,Stop_name,Stop_lat,Stop_lng) VALUES(39,'tidelpark','12.991177','80.250485');
insert into BUS_STOPS(Stop_id,Stop_name,Stop_lat,Stop_lng) VALUES(40,'madhyakailash','13.006523','80.246666');
insert into BUS_STOPS(Stop_id,Stop_name,Stop_lat,Stop_lng) VALUES(41,'saidapet','13.02329','80.22739');
insert into BUS_STOPS(Stop_id,Stop_name,Stop_lat,Stop_lng) VALUES(42,'tnagar','13.042355','80.233398');